text,sentiment
"I absolutely love this new keyboard, it feels amazing to type on.","Positive"
"The battery life is incredible and the screen is super sharp.","Positive"
"I am incredibly happy with how this project turned out.","Positive"
"This software is fantastic and makes my workflow so much faster.","Positive"
"The customer service team was wonderfully helpful and resolved my issue.","Positive"
"This is a wonderful product that exceeded all my expectations.","Positive"
"I highly recommend this app, it is brilliant and user friendly.","Positive"
"The performance is outstanding and it runs completely smoothly.","Positive"
"This pizza tastes delicious and the crust is perfect.","Positive"
"I feel wonderful today and everything is going perfectly.","Positive"
"This is the worst app I have ever downloaded, it crashes constantly.","Negative"
"Horrible customer service and a completely broken product.","Negative"
"I hate how slow this system is, it wastes so much time.","Negative"
"The build quality is incredibly cheap and it broke within a day.","Negative"
"This was a terrible experience and a total waste of money.","Negative"
"The update completely ruined the app and made it unusable.","Negative"
"Extremely disappointed with the poor performance and lag.","Negative"
"The food was disgusting and the service was awful.","Negative"
"I am very angry and upset with how I was treated.","Negative"
"This device is completely useless and does not work at all.","Negative"
"The package arrived on Tuesday morning.","Neutral"
"I am reading a book on the couch.","Neutral"
"I walked to the local grocery store to buy some milk.","Neutral"
"The meeting is scheduled for three o clock tomorrow afternoon.","Neutral"
"The table is made of solid oak wood.","Neutral"
"He opened the door and walked inside the building.","Neutral"
"The instructions are printed on the back of the box.","Neutral"
"Water boils at one hundred degrees celsius.","Neutral"
"I am sitting at my desk working on my laptop.","Neutral"
"The train departs from the station at noon.","Neutral"
"The camera quality is stunning, but the phone overheats within ten minutes.","Mixed"
"I love the food at this restaurant, but the waiters are incredibly rude.","Mixed"
"The UI looks clean, but it is missing so many basic features.","Mixed"
"This laptop is incredibly fast, though it gets way too loud under load.","Mixed"
"The movie had a great plot, but the acting was absolutely terrible.","Mixed"
"This software gets the job done but the interface is ugly.","Mixed"
"Great build quality but the price is way too high for what you get.","Mixed"
"I am happy with the results but sad that the project is over.","Mixed"
"The engine is powerful but it consumes a massive amount of fuel.","Mixed"
"The hotel room was beautiful but the view was disappointing.","Mixed"
"I love the design of these shoes but they are very uncomfortable.","Mixed"
"The gameplay is incredibly fun but the graphics look outdated.","Mixed"
"It has amazing features though the setup process is a nightmare.","Mixed"
"The staff was very polite but the waiting time was unacceptable.","Mixed"
"The textbook is very informative but it is incredibly boring to read.","Mixed"
"The new update fixed the bugs but it slowed down my device.","Mixed"
"I am glad you called but I do not have time to talk right now.","Mixed"
"The concert music was amazing but the crowd was way too chaotic.","Mixed"
"The mattress is very comfortable but it gives me slight back pain.","Mixed"
"It is a beautiful day outside but I am stuck working indoors.","Mixed"
"I am so happy and excited about this wonderful news.","Positive"
"This makes me incredibly happy and satisfied.","Positive"
"I feel happy today because everything is going perfectly.","Positive"